{
    "id": "consolegalaxy",
    "name": "Console Galaxy",
    "author": "anex",
    "utility": "true",
    "version": { "major": "1", "minor": "0", "patch": "0a" },
    "description": "Search for systems with a certain number of planets and conditions, using Command Console",
    "gameVersion": "0.97a-RC11",
    "dependencies":  [
      {"id": "lw_console", "name": "Console Commands"}
    ],
    "jars": ["jars/consolegalaxy.jar"],
    "modPlugin": "consolegalaxy.scripts.ExplorationModPlugin"
}
